region,type_source,english_name,type_db,type,residential_type
liguria,"Servizi di trasporto ferroviario-deposito ferroviario per vagoni, rimessa locomotive","Railway transport services - railway depot for wagons, locomotive shed",non-residential,industrial,
liguria,Commerciale-mercato,Commercial-market,non-residential,commercial,
liguria,Servizi di trasporto ferroviario- stazione passeggeri ferrovia,Railway transport services - railway passenger station,non-residential,public,
liguria,Non definibile,Not definable,non-residential,,
liguria,Ricreativo-sede di attività culturali-cinema,Recreational-business location cultural-cinema,non-residential,commercial,
liguria,Servizi di trasporto-altri impianti,Transport services - other facilities,non-residential,others,
liguria,Commerciale-sede di banca,Commercial-bank headquarters,non-residential,commercial,
liguria,Servizi di trasporto aereo - Stazione eliporto,Air transport services - Heliport station,non-residential,others,
liguria,Servizi di trasporto ferroviario-fermata ferroviaria,Railway transport services - railway stop,non-residential,public,
liguria,Servizio pubblico-sede di poste-telegrafi,Public service - post office-telegraph office,non-residential,public,
liguria,"Commerciale-sede di supermercato, ipermercato","Commercial-headquarters of supermarket, hypermarket",non-residential,commercial,
liguria,Ricreativo-sede di attività sportive-palestra,Recreational-business location sports-gym,non-residential,public,
liguria,Servizi di trasporto-altri impianti-stazione funivia,Transport services - other facilities - cableway station,non-residential,public,
liguria,Ricreativo-sede di  sportive-piscina coperta,Recreational-business location sports-covered swimming pool,non-residential,others,
liguria,Servizi di trasporto stradale-stazione di rifornimento carburante autostradale,Road transport services - motorway refueling station,non-residential,commercial,
liguria,Servizio pubblico-sede di tribunale,Public service - seat of court,non-residential,public,
liguria,Agricolturale,Agricultural,non-residential,agricultural,
liguria,Servizi di trasporto ferroviario-casello ferroviario,Rail transport services - railway toll booths,non-residential,public,
liguria,"Ricreativo-sede di attività culturali-teatro, auditorium","Recreational-business location cultural-theater, auditorium",non-residential,public,
liguria,Industriale-stabilimento industriale,Industrial-industrial plant,non-residential,industrial,
liguria,"Servizio pubblico-sede di scuola, università, laboratorio di ricerca","Public service - school, university, research laboratory",non-residential,public,
liguria,Amministrativo,Administrative,non-residential,public,
liguria,Commerciale,Commercial,non-residential,commercial,
liguria,Ricreativo-sede di attività culturali-biblioteca,Recreational-business location cultural-library,non-residential,public,
liguria,Servizi di trasporto ferroviario,Rail transport services,non-residential,public,
liguria,"Commerciale-sede di albergo, locanda","Commercial-headquarters of a hotel, inn",non-residential,commercial,
liguria,Amministrativo-sede regione,Administrative-regional headquarters,non-residential,public,
liguria,Industriale,Industrial,non-residential,industrial,
liguria,Servizio pubblico-ASL - sede di ospedale,Public service-ASL - hospital location,non-residential,public,
liguria,Militare-Caserma,Military-Barracks,non-residential,residential,apartment block
liguria,Ricreativo-sede di attività culturali-museo,Recreational-business location cultural-museum,non-residential,public,
liguria,Servizi di trasporto,Transportation services,non-residential,public,
liguria,Agricolturale-stalla,Agricultural-stable,non-residential,agricultural,
liguria,Industriale-impianto di produzione energia-stazione/sottostazione elettrica,Industrial-power plant-station / electrical substation,non-residential,industrial,
liguria,Servizi di trasporto aereo - Aerostazione,Air transport services - Terminal,non-residential,commercial,
liguria,Industriale-impianto di produzione energia-centrale elettrica,Industrial-power plant-power plant,non-residential,industrial,
liguria,Servizio pubblico-sede di polizia,Public service - police headquarters,non-residential,public,
liguria,Commerciale-sede di centro commerciale,Commercial-headquarters of a shopping center,non-residential,commercial,
liguria,Servizi di trasporto stradale-casello autostradale,Road transport services - motorway toll booths,non-residential,public,
liguria,Agricolturale-fienile,Agricultural-barn,non-residential,agricultural,
liguria,Agricolturale-fattoria,Agricultural-farm,non-residential,agricultural,
liguria,Servizi di trasporto-altri impianti-stazione funicolare,Transport services - other facilities - funicular station,non-residential,public,
liguria,Servizio pubblico-ASL - sede di servizio socio assistenziale,Public service-ASL - seat of social assistance service,non-residential,public,
liguria,Servizio pubblico-casello forestale,Public service - forest toll booth,non-residential,public,
liguria,Industriale-edificio di area ecologica,Industrial-building of ecological area,non-residential,industrial,
liguria,Ricreativo-sede di attività culturali,Recreational-business location cultural,non-residential,commercial,
liguria,Industriale-impianto di produzione energia-centrale termoelettrica,Industrial-energy production plant-thermoelectric power station,non-residential,industrial,
liguria,Militare-Prigione,Military-Prison,non-residential,public,
liguria,Servizi di trasporto-altri impianti-stazione metropolitana,Transport services - other facilities - underground station,non-residential,public,
liguria,Militare,Military,non-residential,public,
liguria,Amministrativo-municipio,Administrative-town hall,non-residential,public,
liguria,Servizi di trasporto stradale-parcheggio multipiano o coperto,Road transport services - multi-storey or covered parking,non-residential,commercial,
liguria,Servizio pubblico,Public service,non-residential,public,
liguria,Luogo di culto,Place of worship,non-residential,public,
liguria,Amministrativo-sede provincia,Administrative office - province headquarters,non-residential,public,
liguria,Ricreativo-altre attività-campeggio,Recreational-other activities - camping,non-residential,others,
liguria,Servizi di trasporto stradale-stazione di rifornimento carburante stradale,Road transport services - road refueling station,non-residential,commercial,
liguria,Residenziale,Residential,residential,residential,residential
liguria,Ricreativo-sede di attività sportive,Recreational-business location sports,non-residential,public,
liguria,Servizio pubblico-sede di vigili del fuoco,Public service - headquarters of the fire brigade,non-residential,public,
liguria,Industriale-impianto di produzione energia-centrale idroelettrica,Industrial-power plant-hydroelectric power plant,non-residential,industrial,
liguria,Servizio pubblico-sede di clinica,Public service - clinic location,non-residential,public,
liguria,Ricreativo-altre attività,Recreational-other activities,non-residential,public,
liguria,Industriale-stazione di telecomunicazioni,Industrial-telecommunications station,non-residential,industrial,
liguria,Servizi di trasporto-altri impianti-stazione seggiovia,Transport services - other facilities - chairlift station,non-residential,public,
liguria,Servizi di trasporto-altri impianti-stazione marittima,Transport services - other facilities - maritime station,non-residential,public,
liguria,Servizi di trasporto aereo,Air transport services,non-residential,public,
liguria,Servizi di trasporto stradale,Road transport services,non-residential,public,
liguria,Servizi di trasporto stradale - Stazione autolinee,Road transport services - Bus station,non-residential,public,
liguria,Industriale-depuratore,Industrial-purifier,non-residential,industrial,
liguria,Residenziale-Abitativa,Residential-Housing,residential,residential,residential
liguria,Servizi di trasporto ferroviario-scalo merci,Railway transport services - freight yard,non-residential,industrial,
lombardia,servizi di trasporto - stradale - edificio accessorio alle strade,transport services - road - building accessory to the roads,non-residential,others,
lombardia,industriale,industrial,non-residential,industrial,
lombardia,industriale - stazione di telecomunicazioni,industrial - telecommunication station,non-residential,industrial,
lombardia,agricolturale,agricultural,non-residential,agricultural,
lombardia,agricolturale - fienile,agricultural - barn,non-residential,agricultural,
lombardia,servizio pubblico,public service,non-residential,public,
lombardia,servizi di trasporto - altro impianto di trasporto - stazione metropolitana,transport services - other transport facility - underground station,non-residential,public,
lombardia,servizio pubblico – sanita' - agenzie di tutela della salute (ats), public service - health - health protection agencies (ats) ,non-residential,public,
lombardia,servizi di trasporto - altro impianto di trasporto,transport services - other transport facility,non-residential,public,
lombardia,servizi di trasporto - aereo,transport services - air,non-residential,public,
lombardia,servizio pubblico – sanita' - sede clinica,public service - health - clinical site ,non-residential,public,
lombardia,servizi di trasporto - ferroviario - scalo merci,transport services - rail - freight yard,non-residential,industrial,
lombardia,industriale - impianto di produzione energia,industrial - energy production plant,non-residential,industrial,
lombardia,amministrativo - sede regione,administrative - regional office,non-residential,public,
lombardia,militare - caserma,military - barracks,non-residential,residential,apartment block
lombardia,servizio pubblico - casello forestale,public service - forest toll booth,non-residential,public,
lombardia,luogo di culto - convento,place of worship - convent,non-residential,public,
lombardia,servizio pubblico - istruzione - sede di scuola,public service - education - school site,non-residential,public,
lombardia,servizio pubblico - sede di tribunale,public service - court seat,non-residential,public,
lombardia,strutture ricettive,accommodation facilities,non-residential,commercial,residential
lombardia,servizio pubblico - sede di forze dell'ordine, public service - headquarters of law enforcement ,non-residential,public,
lombardia,servizi di trasporto - ferroviario - fermata ferroviaria,transport services - rail - railway stop,non-residential,public,
lombardia,"servizi di trasporto - ferroviario - deposito ferroviario per vagoni, rimessa locomotive",transport services - railway - railway depot for wagons,non-residential,industrial,
lombardia,strutture ricettive - rifugio montano,accommodation facilities - mountain refuge,non-residential,commercial,
lombardia,industriale - impianto di produzione energia - sottostazione elettrica,industrial - energy production plant - electrical substation,non-residential,industrial,
lombardia,servizi di trasporto - altro impianto di trasporto - stazione seggiovia,transport services - other transport facility - chairlift station,non-residential,public,
lombardia,servizio pubblico - sede di poste-telegrafi,public service - post-telegraph headquarters,non-residential,public,
lombardia,ricreativo - altre attivita' ricreative, recreational - other recreational activities ,non-residential,public,
lombardia,strutture ricettive - struttura alberghiera,accommodation facilities - hotel structure,non-residential,commercial,
lombardia,luogo di culto,place of worship,non-residential,public,
lombardia,industriale - impianto di produzione energia - centrale idroelettrica,industrial - energy production plant - hydroelectric power plant,non-residential,industrial,
lombardia,amministrativo,administrative,non-residential,public,
lombardia,ricreativo - sede di attivita' sportive, recreational - venue for sporting activities ,non-residential,public,
lombardia,"commerciale - sede di supermercato,  ipermercato",commercial - headquarters of a supermarket,non-residential,commercial,
lombardia,servizi di trasporto,transport services,non-residential,public,
lombardia,servizio pubblico – sanita' - agenzie di tutela della salute (ats) - sede di servizio socio assistenziale, public service - health - health protection agencies (ats) - headquarters of social assistance service ,non-residential,public,
lombardia,industriale - impianto di produzione energia - centrale elettrica,industrial - energy production plant - power plant,non-residential,industrial,
lombardia,servizi di trasporto - ferroviario,transport services - rail,non-residential,public,
lombardia,servizi di trasporto - altro impianto di trasporto - stazione funivia,transport services - other transport facility - cable car station,non-residential,public,
lombardia,militare,military,non-residential,public,
lombardia,"ricreativo - sede di attivita' culturali – teatro,  auditorium", recreational - venue for cultural activities - theater auditorium,non-residential,public,
lombardia,servizio pubblico - istruzione,public service - education,non-residential,public,
lombardia,servizio pubblico – sanita' - agenzie di tutela della salute (ats) - sede di ospedale, public service - health - health protection agencies (ats) - hospital headquarters ,non-residential,public,
lombardia,commerciale - sede di centro commerciale,commercial - center of shopping center,non-residential,commercial,
lombardia,commerciale,commercial,non-residential,commercial,
lombardia,ricreativo - sede di attivita' culturali - biblioteca, recreational - seat of cultural activities - library ,non-residential,public,
lombardia,amministrativo - sede provincia,administrative - province office,non-residential,public,
lombardia,ricreativo - sede di attivita' sportive - palaghiaccio, recreational - sports venue - ice rink ,non-residential,public,
lombardia,agricolturale - stalla,agricultural - stable,non-residential,agricultural,
lombardia,commerciale - mercato,commercial - market,non-residential,commercial,
lombardia,servizi di trasporto - ferroviario - casello ferroviario,transport services - rail - railway toll booth,non-residential,public,
lombardia,altro,other,unknown,,
lombardia,servizi di trasporto - stradale,transport services - road,non-residential,others,
lombardia,servizio pubblico - sede di vigili del fuoco,public service - headquarters of the fire brigade,non-residential,public,
lombardia,amministrativo - municipio,administrative - town hall,non-residential,public,
lombardia,strutture ricettive - campeggio,accommodation facilities - camping,non-residential,others,
lombardia,servizi di trasporto - ferroviario - stazione passeggeri ferroviaria,transport services - rail - railway passenger station,non-residential,public,
lombardia,servizi di trasporto - altro impianto di trasporto - stazione cabinovia,transport services - other transport facility - gondola station,non-residential,public,
lombardia,industriale - edificio di area ecologica,industrial - ecological area building,non-residential,industrial,
lombardia,industriale - stabilimento industriale,industrial - industrial plant,non-residential,industrial,
lombardia,amministrativo - sede ambasciata o consolato,administrative - embassy or consulate headquarters,non-residential,public,
lombardia,servizio pubblico - istruzione - sede di scuola - laboratorio di ricerca,public service - education - school site - research laboratory,non-residential,public,
lombardia,servizio pubblico - istruzione - sede di scuola - universita, public service - education - school site - university ,non-residential,public,
lombardia,commerciale - sede di banca,commercial - bank office,non-residential,commercial,
lombardia,agricolturale - fattoria,agricultural - farm,non-residential,agricultural,
lombardia,ricreativo,recreational,non-residential,public,
lombardia,servizi di trasporto - altro impianto di trasporto - stazione skilift,transport services - other transport facility - ski lift station,non-residential,public,
lombardia,ricreativo - sede di attivita' culturali - museo, recreational - seat of cultural activities - museum ,non-residential,public,
lombardia,residenziale - abitativa,residential - housing,residential,residential,residential
lombardia,industriale - impianto di produzione energia - centrale nucleare,industrial - energy production plant - nuclear power plant,non-residential,industrial,
lombardia,industriale - impianto di produzione energia - centrale termoelettrica,industrial - energy production plant - thermoelectric plant,non-residential,industrial,
lombardia,ricreativo - sede di attivita' culturali - cinema, recreational - venue for cultural activities - cinema ,non-residential,commercial,
lombardia,industriale - impianto tecnologico,industrial - technological plant,non-residential,industrial,
lombardia,"militare – carcere,  istituto di pena",military - prison,non-residential,public,
lombardia,"strutture ricettive - sede albergo,  locanda",accommodation facilities - hotel headquarters,non-residential,commercial,
lombardia,servizi di trasporto - stradale - parcheggio multipiano o coperto,transport services - road - multi-storey or covered parking,non-residential,commercial,
lombardia,servizi di trasporto - altro impianto di trasporto - stazione marittima,transport services - other transport facility - maritime station,non-residential,public,
lombardia,ricreativo - sede di attivita' culturali - pinacoteca, recreational - center of cultural activities - art gallery ,non-residential,public,
lombardia,industriale - depuratore,industrial - purifier,non-residential,industrial,
lombardia,industriale - edificio di teleriscaldamento,industrial - district heating building,non-residential,industrial,
lombardia,servizi di trasporto - aereo - stazione passeggeri aeroportuale,transport services - air - airport passenger station,non-residential,public,
lombardia,residenziale,residential,residential,residential,residential
lombardia,ricreativo - sede di attivita' sportive - piscina coperta,recreational - sports venue - indoor swimming pool ,non-residential,commercial,
lombardia,ricreativo - sede di attivita' culturali,recreational - seat of cultural activities ,non-residential,public,
lombardia,servizi di trasporto - stradale - stazione autolinee,transport services - road - bus station,non-residential,public,
lombardia,amministrativo - sede di citta metropolitana,administrative - metropolitan city office ,non-residential,public,
lombardia,agricolturale - allevamento,agricultural - livestock,non-residential,agricultural,
lombardia,industriale - impianto di produzione energia - stazione di trasformazione,industrial - energy production plant - transformation station,non-residential,industrial,
lombardia,ricreativo - sede di attivita' sportive - palestra,recreational - sports venue - gym ,non-residential,public,
lombardia,industriale - inceneritore,industrial - incinerator,non-residential,industrial,
lombardia,servizi di trasporto - aereo - eliporto,transport services - air - heliport,non-residential,public,
lombardia,servizio pubblico – sanita',public service - health,non-residential,public,
italy,1001,seat of cultural activities,non-residential,public,
italy,602,road,non-residential,others,
italy,4,military,non-residential,public,
italy,60401,maritime station,non-residential,public,
italy,6,transportation services,non-residential,commercial,
italy,3,public service,non-residential,public,
italy,10,recreational,non-residential,public,
italy,2,administrative,non-residential,commercial,
italy,11,"prison, prison",non-residential,public,
italy,204,embassy or consulate,non-residential,public,
italy,201,municipality,non-residential,public,
italy,60101,airport passenger station,non-residential,public,
italy,12,accommodation facilities,residential,commercial,residential
italy,95,other,unknown,others,
italy,203,regional headquarters,non-residential,commercial,
italy,603,railway,non-residential,public,
italy,801,industrial plant,non-residential,industrial,
italy,902,stall,non-residential,agricultural,
italy,30301,school location,non-residential,public,
italy,8,industrial,non-residential,industrial,
italy,307,headquarters of the fire brigade,non-residential,public,
italy,1203,camping,non-residential,others,
italy,903,barn,non-residential,agricultural,
italy,1002,venue for sporting activities,non-residential,public,
italy,5,place of worship,non-residential,public,
italy,30104,clinical location,non-residential,public,
italy,60301,railway passenger station,non-residential,public,
italy,1204,mountain refuge,non-residential,others,
italy,306,headquarters of law enforcement agencies,non-residential,public,
italy,804,purifier,non-residential,industrial,
italy,202,province headquarters,non-residential,public,
italy,30103,health services headquarters asl,non-residential,public,
italy,1201,hotel structure,non-residential,commercial,
italy,802,energy production plant,non-residential,industrial,
italy,7,commercial,non-residential,commercial,
italy,60102,heliport,non-residential,others,
italy,1,residential,residential,residential,residential
italy,301,health care,non-residential,public,
italy,30302,university,non-residential,public,
italy,303,instruction,non-residential,public,
italy,304,seat of post-telegraphs,non-residential,public,
italy,9,agricultural,non-residential,agricultural,
italy,30102,hospital seat,non-residential,public,
italy,60303,railway tollbooth,non-residential,public,
italy,60201,bus station,non-residential,public,
italy,806,telecommunications station,non-residential,industrial,
italy,601,airplane,non-residential,industrial,
italy,803,technological plant,non-residential,industrial,
italy,100103,"theater, audience",non-residential,public,
italy,30101,seat of social assistance service,non-residential,public,
italy,101,housing,residential,residential,residential
italy,701,bank headquarters,non-residential,commercial,
italy,205,seat of metropolitan city,non-residential,public,
italy,60202,multi-storey or covered parking,non-residential,commercial,
italy,80206,transformation station,non-residential,industrial,
italy,805,incinerator,non-residential,industrial,
italy,80204,nuclear power plants,non-residential,industrial,
italy,60302,"railway depot for wagons, locomotive shed",non-residential,industrial,
italy,100101,library,non-residential,public,
italy,60203,accessory building to the roads,non-residential,others,
italy,401,barracks,non-residential,residential,apartment block
italy,501,convent,non-residential,public,
italy,100201,Covered pool,non-residential,others,
italy,703,market,non-residential,commercial,
italy,305,seat of court,non-residential,public,
italy,704,"home to supermarket, hypermarket",non-residential,commercial,
italy,100102,cinema,non-residential,commercial,
italy,80201,power plant,non-residential,industrial,
italy,30303,research lab,non-residential,public,
italy,901,farm,non-residential,agricultural,
italy,1202,"headquarters hotel, inn",non-residential,commercial,
italy,308,forest toll booth,non-residential,others,
italy,100202,lecture,non-residential,public,
italy,702,headquarters of a shopping center,non-residential,commercial,
italy,904,farm,non-residential,agricultural,
italy,100104,museo,non-residential,public,
italy,102,unknown,unknown,,
slovenia,1,Living space,residential,residential,residential
slovenia,2,"Shop, shop",non-residential,commercial,
slovenia,3,Office,non-residential,commercial,
slovenia,4,Space for mass use,non-residential,public,
slovenia,5,Production space,non-residential,industrial,
slovenia,6,Garage,non-residential,others,
slovenia,7,Parking space,non-residential,others,
slovenia,8,"Pantry, dryer, laundry",non-residential,,
slovenia,9,Basement,non-residential,residential,residential
slovenia,10,"Open terrace, balcony, loggia",non-residential,others,
slovenia,11,"Enclosed terrace, balcony, loggia",non-residential,others,
slovenia,12,Agricultural space,non-residential,agricultural,
slovenia,13,Common communication space,non-residential,public,
slovenia,14,Technical space,non-residential,industrial,
slovenia,15,Shared toilets,non-residential,public,
slovenia,16,Space with limited use,non-residential,others,
slovenia,17,Unfinished space,non-residential,others,
slovenia,18,Ruin,non-residential,others,
slovenia,99,Unallocated space,unknown,,
slovakia,ancillary,ancillary,non-residential,others,
slovakia,public services,public services,non-residential,public,
slovakia,office,office,non-residential,commercial,
slovakia,unknown,unknown,,,
slovakia,agriculture,agriculture,non-residential,agricultural,
slovakia,commerce and services,commerce and services,non-residential,commercial,
slovakia,residental,residental,residential,residential,residential
slovakia,residence for communities,residence for communities,residential,residential,apartment block
slovakia,individual residence,individual residence,residential,residential,detached single-family house
slovakia,trade,trade,non-residential,commercial,
slovakia,industrial,industrial,non-residential,industrial,
vantaa,muu rakennus,other building,non-residential,others,
vantaa,teollisuusrakennus,industrial building,non-residential,industrial,
vantaa,toimistorakennus,office building,non-residential,commercial,
vantaa,liikerakennus,commercial building,non-residential,commercial,
vantaa,varastorakennus,warehouse building,non-residential,industrial,
vantaa,asuinrakennus,dwelling house,residential,residential,residential
vantaa,julkinen rakennus,public building,non-residential,public,
mecklenburg,,,unknown,,
mecklenburg,http://inspire.ec.europa.eu/codelist/CurrentUseValue/trade,trade,non-residential,commercial,
mecklenburg,https://registry.gdi-de.org/id/de.____/verkehr,transport,non-residential,public,
mecklenburg,http://inspire.ec.europa.eu/codelist/CurrentUseValue/commerceAndServices,commerceAndServices,non-residential,commercial,
mecklenburg,https://registry.gdi-de.org/id/de.____/versorgungEntsorgung,disposalsupply,non-residential,industrial,
mecklenburg,http://inspire.ec.europa.eu/codelist/CurrentUseValue/residential,residential,residential,residential,residential
mecklenburg,http://inspire.ec.europa.eu/codelist/CurrentUseValue/residenceForCommunities,residenceForCommunities,residential,residential,residential
mecklenburg,http://inspire.ec.europa.eu/codelist/CurrentUseValue/publicServices,publicServices,non-residential,public,
mecklenburg,http://inspire.ec.europa.eu/codelist/CurrentUseValue/agriculture,agriculture,non-residential,agricultural,
mecklenburg,https://registry.gdi-de.org/id/de.____/industrie,industry,non-residential,industrial,
mecklenburg,http://inspire.ec.europa.eu/codelist/CurrentUseValue/industrial,industrial,non-residential,industrial,
mecklenburg,http://inspire.ec.europa.eu/codelist/CurrentUseValue/office,office,non-residential,commercial,
berlin,2882,Glasshouse,non-residential,agricultural,
berlin,1142,synagogue,non-residential,public,
berlin,1005,Planned underground building,non-residential,others,
berlin,1911,windmill,non-residential,agricultural,
berlin,2819,Sports,non-residential,public,
berlin,2551,oil tank,non-residential,industrial,
berlin,2921,unused building,unknown,others,
berlin,2736,forest house,non-residential,residential,detached single-family house
berlin,2872,Aquarium,non-residential,public,
berlin,1311,detached house,residential,residential,detached single-family house
berlin,1149,Church institution,non-residential,public,
berlin,2512,pumping station,non-residential,industrial,
berlin,1761,research building,non-residential,public,
berlin,2511,waterworks,non-residential,industrial,
berlin,2725,feed silo,non-residential,industrial,
berlin,2332,hangar,non-residential,industrial,
berlin,1004,commercial or industrial building,non-residential,commercial,
berlin,2361,parking garage,non-residential,commercial,
berlin,1221,detached block of flats,residential,residential,apartment block
berlin,2561,underground building on underground lines,non-residential,others,
berlin,2862,weekend house,non-residential,residential,detached single-family house
berlin,1743,storage hall,non-residential,industrial,
berlin,1131,Castle,non-residential,public,
berlin,2131,Residential building with trade and industry,non-residential,residential,
berlin,1749,storage,non-residential,industrial,
berlin,1445,kiosk,non-residential,commercial,
berlin,1122,professional school,non-residential,public,
berlin,2591,pump station (not for water supply),non-residential,industrial,
berlin,2821,indoor pool,non-residential,commercial,
berlin,1462,youth hostel,non-residential,commercial,
berlin,1162,recreation home,non-residential,residential,residential
berlin,2699,Building for disposal,non-residential,industrial,
berlin,1169,welfare facility,non-residential,public,
berlin,2513,pumping station,non-residential,industrial,
berlin,1135,broadcaster,non-residential,commercial,
berlin,1471,guest cities,non-residential,,
berlin,2871,Zoology reception building,non-residential,public,
berlin,2723,shed,non-residential,others,
berlin,1198,reception building,non-residential,commercial,
berlin,2362,parking deck,non-residential,commercial,
berlin,1744,storage shed,non-residential,industrial,
berlin,1145,house of worship,non-residential,public,
berlin,2873,animal showhouse,non-residential,agricultural,
berlin,1129,educational and research institution,non-residential,public,
berlin,2522,substation,non-residential,industrial,
berlin,1133,concert building,non-residential,public,
berlin,1171,police,non-residential,public,
berlin,1451,Trade fair and exhibition building,non-residential,commercial,
berlin,2701,"Born for agriculture and forestry. (general),",non-residential,agricultural,
berlin,1374,student residence,non-residential,residential,apartment block
berlin,2523,converter,non-residential,industrial,
berlin,2367,covered parking space,non-residential,others,
berlin,2599,building for supply,non-residential,industrial,
berlin,1197,bus station,non-residential,public,
berlin,2514,water tower,non-residential,industrial,
berlin,2851,campsite building,non-residential,others,
berlin,1472,Rest stop on the freeway or trunk road,non-residential,others,
berlin,2515,water tank,non-residential,industrial,
berlin,2612,lavatory,non-residential,public,
berlin,1137,"library, library",non-residential,public,
berlin,2879,zoology,non-residential,public,
berlin,2889,botany,non-residential,public,
berlin,2571,gasworks,non-residential,industrial,
berlin,1379,dorm,non-residential,residential,apartment block
berlin,2741,Glasshouse,non-residential,agricultural,
berlin,2501,Building for supply (general),non-residential,industrial,
berlin,1361,skyscraper,non-residential,commercial,
berlin,1751,transport building,non-residential,public,
berlin,2799,Buildings for agriculture and forestry,non-residential,agricultural,
berlin,2621,waste disposal,non-residential,industrial,
berlin,1469,accommodation,non-residential,residential,residential
berlin,1474,canteen,non-residential,commercial,
berlin,1341,group house,residential,residential,apartment block
berlin,1231,Block of flats in closed construction,residential,residential,apartment block
berlin,1113,post office,non-residential,public,
berlin,2519,water supply,non-residential,industrial,
berlin,1421,"Credit institute building, bank building",non-residential,commercial,
berlin,1139,cultural institution,non-residential,public,
berlin,2629,waste disposal,non-residential,industrial,
berlin,2324,freight station building,non-residential,industrial,
berlin,1112,city ​​hall,non-residential,public,
berlin,2344,boathouse,non-residential,others,
berlin,1373,"Workers' dormitory, nurses' dormitory",residential,residential,apartment block
berlin,1742,Storage,non-residential,industrial,
berlin,1114,customs office,non-residential,public,
berlin,1372,retirement home,residential,residential,residential
berlin,1194,subway station,non-residential,public,
berlin,2329,rail transport,non-residential,public,
berlin,1461,accommodation,non-residential,residential,residential
berlin,1181,mourning hall,non-residential,public,
berlin,2619,sewage disposal,non-residential,industrial,
berlin,1499,other buildings for trade and services,non-residential,commercial,
berlin,2894,shelter,non-residential,others,
berlin,2151,Building for trade and services with apartments,non-residential,commercial,
berlin,2863,garden house,non-residential,residential,detached single-family house
berlin,2829,bath building,non-residential,public,
berlin,1799,Commercial and industrial buildings,non-residential,commercial,
berlin,1701,Commercial and industrial buildings (general),non-residential,commercial,
berlin,1115,court,non-residential,public,
berlin,2521,power station,non-residential,industrial,
berlin,1301,Residential house (general),non-residential,residential,residential
berlin,1371,children's home,non-residential,residential,residential
berlin,1141,church cross,non-residential,public,
berlin,1731,Gas station,non-residential,commercial,
berlin,1173,barracks,residential,residential,apartment block
berlin,2731,Agricultural residential and operational building,non-residential,agricultural,
berlin,1211,house in a row,residential,residential,terraced house
berlin,1321,semi-detached house,residential,residential,semi-detached duplex house
berlin,2801,"Buildings for recreation, general",non-residential,public,
berlin,1199,public building,non-residential,public,
berlin,2849,cure,non-residential,others,
berlin,2343,lock,non-residential,others,
berlin,1134,museum,non-residential,public,
berlin,1143,chapel,non-residential,public,
berlin,1195,S-Bahn station,non-residential,public,
berlin,1151,hospital,non-residential,public,
berlin,1489,place of entertainment,non-residential,commercial,
berlin,2121,Residential building with trade & services,residential,residential,
berlin,1152,nursing home,non-residential,public,
berlin,1179,safety device,non-residential,others,
berlin,1111,houses of Parliament,non-residential,public,
berlin,1411,administration building,non-residential,public,
berlin,1741,cold store,non-residential,industrial,
berlin,1192,airport building,non-residential,public,
berlin,2319,road traffic,non-residential,others,
berlin,2581,heating plant,non-residential,industrial,
berlin,2861,holiday home,non-residential,residential,detached single-family house
berlin,2529,electricity supply,non-residential,industrial,
berlin,2721,barn,non-residential,agricultural,
berlin,2611,sewage treatment plant,non-residential,industrial,
berlin,2711,agricultural residential building,residential,residential,residential
berlin,2724,shed,non-residential,others,
berlin,1381,makeshift dwelling,residential,others,
berlin,1479,restoration,non-residential,others,
berlin,1331,townhouse,residential,residential,terraced house
berlin,2899,buildings for recreation,non-residential,public,
berlin,1163,Senior Recreation Center,non-residential,public,
berlin,1123,"college, university",non-residential,public,
berlin,1721,workshop,non-residential,industrial,
berlin,1399,residential building,residential,residential,residential
berlin,2323,Block PostsBuilding,non-residential,,
berlin,2141,public building with apartments,residential,residential,apartment block
berlin,1442,shopping mall,non-residential,commercial,
berlin,1375,school hostel,non-residential,commercial,
berlin,1116,message,non-residential,commercial,
berlin,1144,parish hall,non-residential,public,
berlin,2161,Commercial and industrial buildings with apartments,residential,commercial,
berlin,2841,bath buildings for medical purposes,non-residential,public,
berlin,1175,correctional facility,non-residential,public,
berlin,1443,market hall,non-residential,commercial,
berlin,2312,waiting room,non-residential,public,
berlin,2369,Park,non-residential,public,
berlin,1483,bowling alley,non-residential,commercial,
berlin,1449,Building for trade,non-residential,commercial,
berlin,2883,plant show house,non-residential,agricultural,
berlin,1136,event building,non-residential,public,
berlin,2891,observation tower,non-residential,others,
berlin,1182,crematorium,non-residential,public,
berlin,2365,double garage,non-residential,others,
berlin,2727,Animal husbandry building,non-residential,agricultural,
berlin,2831,Stadion,non-residential,public,
berlin,2363,underground car park,non-residential,commercial,
berlin,1164,boarding house,non-residential,residential,residential
berlin,2364,collective garage,non-residential,commercial,
berlin,2869,leisure house,non-residential,residential,residential
berlin,2541,transmission tower,non-residential,industrial,
berlin,2313,vehicle hall,non-residential,industrial,
berlin,2549,radio and telecommunications,non-residential,commercial,
berlin,2199,mixed use building with apartments,residential,residential,apartment block
berlin,1124,research institute,non-residential,public,
berlin,2341,shipyard,non-residential,industrial,
berlin,1159,healthcare facility,non-residential,public,
berlin,2811,Gym,non-residential,public,
berlin,2822,Building of the outdoor pool facility,non-residential,public,
berlin,1174,shelter,non-residential,others,
berlin,2881,Botany reception building,non-residential,public,
berlin,1172,Fire department,non-residential,public,
berlin,2349,shipping,non-residential,industrial,
berlin,1481,ballroom,non-residential,public,
berlin,1441,department store,non-residential,commercial,
berlin,1431,insurance building,non-residential,commercial,
berlin,2726,barn and stable,non-residential,agricultural,
berlin,1711,factory building,non-residential,industrial,
berlin,1781,building with operational welfare facility,non-residential,industrial,
berlin,2321,gatekeeper house,non-residential,residential,detached single-family house
berlin,1191,station building,non-residential,public,
berlin,1121,General secondary school,non-residential,public,
berlin,1189,cemetery building,non-residential,public,
berlin,2812,sports field building,non-residential,public,
berlin,2339,aviation,non-residential,commercial,
berlin,2874,barn,non-residential,agricultural,
berlin,1132,"theatre, opera",non-residential,public,
berlin,2572,gasometer,non-residential,industrial,
berlin,2601,Building for disposal,non-residential,industrial,
berlin,1119,public administration,non-residential,public,
berlin,2322,engine shed,non-residential,industrial,
berlin,2366,single garage,non-residential,others,
berlin,1484,casino,non-residential,commercial,
berlin,2399,Building to traffic facility,non-residential,public,
berlin,2111,Residential building with public,residential,residential,residential
berlin,2622,waste incinerator,non-residential,industrial,
berlin,1165,kindergarten,non-residential,public,
berlin,1482,movie theater,non-residential,commercial,
berlin,2311,road maintenance,non-residential,public,
berlin,2729,operation,non-residential,others,
berlin,1161,youth recreation home,non-residential,public,
berlin,1444,store building,non-residential,commercial,
berlin,2101,mixed use building with housing,residential,residential,residential
france,Agricole,Agricole,non-residential,agricultural,
france,Annexe,Annexe,non-residential,others,
france,Commercial et services,Commercial and services Indifference,non-residential,commercial,
france,Industriel,Industrial,non-residential,industrial,
france,Religious,Religious,non-residential,public,
france,Résidentiel,Residence,residential,residential,residential
france,Religieux,Regligious,non-residential,public,
france,Sportif,Sport facilities,non-residential,public,
france,Indifférencié,unknown,,,
czechia,Trade,Trade,non-residential,commercial,
czechia,Residential,Residential,residential,residential,residential
czechia,Office,Office,non-residential,commercial,
czechia,Industrial,Industrial,non-residential,industrial,
czechia,IndividualResidence,IndividualResidence,residential,residential,detached single-family house
czechia,Ancillary,Ancillary,non-residential,others,
czechia,Agriculture,Agriculture,non-residential,agricultural,
czechia,CommerceAndServices,CommerceAndServices,non-residential,commercial,
czechia,PublicServices,PublicServices,non-residential,public,
czechia,CollectiveResidence,CollectiveResidence,residential,residential,apartment block
germany,31001_1000,residential building,residential,residential,residential
germany,31001_1010,residential house,residential,residential,residential
germany,31001_1020,dorm,non-residential,residential,apartment block
germany,31001_1021,children's home,non-residential,public,residential
germany,31001_1022,retirement home,residential,residential,residential
germany,31001_1023,sisters dorm,residential,residential,residential
germany,31001_1024,student dormitories,residential,residential,apartment block
germany,31001_1025,school hostel,non-residential,residential,residential
germany,31001_1100,Mixed use building with housing,residential,commercial,
germany,31001_1110,Residential building with common needs,residential,commercial,
germany,31001_1120,Residential building with trade and services,residential,commercial,
germany,31001_1121,residential and administrative buildings,residential,public,
germany,31001_1122,residential and office buildings,residential,commercial,
germany,31001_1123,residential and commercial buildings,residential,commercial,
germany,31001_1130,Residential building with trade and industry,residential,residential,
germany,31001_1131,residential and commercial buildings,residential,commercial,
germany,31001_1210,Agricultural and forestry residential building,residential,residential,residential
germany,31001_1220,Agricultural and forestry residential and company building,residential,agricultural,
germany,31001_1221,farmhouse,residential,residential,detached single-family house
germany,31001_1222,Residential and farm buildings,residential,residential,residential
germany,31001_1223,Forsthaus,residential,residential,detached single-family house
germany,31001_1310,Recreational buildings,non-residential,public,
germany,31001_1311,Ferienhaus,residential,residential,detached single-family house
germany,31001_1312,weekend house,residential,residential,detached single-family house
germany,31001_1313,garden house,non-residential,residential,detached single-family house
germany,31001_2000,Business or commercial buildings,non-residential,commercial,
germany,31001_2010,Building for trade and services,non-residential,commercial,
germany,31001_2020,office building,non-residential,commercial,
germany,31001_2030,credit institution,non-residential,commercial,
germany,31001_2040,insurance,non-residential,commercial,
germany,31001_2050,commercial building,non-residential,commercial,
germany,31001_2051,department store,non-residential,commercial,
germany,31001_2052,shopping mall,non-residential,commercial,
germany,31001_2053,Markthalle,non-residential,commercial,
germany,31001_2054,Laden,non-residential,commercial,
germany,31001_2055,Kiosk,non-residential,commercial,
germany,31001_2056,pharmacy,non-residential,commercial,
germany,31001_2060,Messehalle,non-residential,commercial,
germany,31001_2070,buildings for accommodation,non-residential,residential,residential
germany,31001_2071,"Hotel, Motel, Pension",non-residential,commercial,
germany,31001_2072,Jugendherberge,non-residential,commercial,residential
germany,31001_2073,Hut (with accommodation),non-residential,residential,residential
germany,31001_2074,campsite building,non-residential,others,
germany,31001_2080,Building for hospitality,non-residential,commercial,
germany,31001_2081,"pub, restaurant",non-residential,commercial,
germany,31001_2082,Hut (without overnight accommodation),non-residential,others,
germany,31001_2083,Canteen,non-residential,commercial,
germany,31001_2090,place of leisure and entertainment,non-residential,public,
germany,31001_2091,ballroom,non-residential,commercial,
germany,31001_2092,Kino,non-residential,commercial,
germany,31001_2093,Bowling hall,non-residential,commercial,
germany,31001_2094,casino,non-residential,commercial,
germany,31001_2100,Commercial and industrial buildings,non-residential,commercial,
germany,31001_2110,production building,non-residential,industrial,
germany,31001_2111,factory,non-residential,industrial,
germany,31001_2112,operations building,non-residential,industrial,
germany,31001_2113,Brauerei,non-residential,industrial,
germany,31001_2114,distillery,non-residential,industrial,
germany,31001_2120,workshop,non-residential,industrial,
germany,31001_2121,S??gewerk,non-residential,industrial,
germany,31001_2130,Gas station,non-residential,commercial,
germany,31001_2131,"Car wash, car wash, car wash",non-residential,commercial,
germany,31001_2140,Storage building,non-residential,industrial,
germany,31001_2141,cold store,non-residential,industrial,
germany,31001_2142,storage building,non-residential,industrial,
germany,31001_2143,"Warehouse, storage shed, storehouse",non-residential,industrial,
germany,31001_2150,forwarding building,non-residential,industrial,
germany,31001_2160,buildings for research purposes,non-residential,public,
germany,31001_2170,Raw material extraction building,non-residential,industrial,
germany,31001_2171,mine,non-residential,industrial,
germany,31001_2172,Saline,non-residential,industrial,
germany,31001_2180,Building for company social facility,non-residential,public,
germany,31001_2200,Miscellaneous commercial and industrial buildings,non-residential,commercial,
germany,31001_2210,M??hle,non-residential,agricultural,
germany,31001_2211,windmill,non-residential,agricultural,
germany,31001_2212,watermill,non-residential,agricultural,
germany,31001_2213,pumping station,non-residential,industrial,
germany,31001_2220,weather station,non-residential,public,
germany,31001_2310,Building for trade and services with housing,residential,residential,apartment block
germany,31001_2320,Building for trade and industry with living,residential,residential,apartment block
germany,31001_2400,Operations building for traffic facilities (general),non-residential,public,
germany,31001_2410,Operations building for road traffic,non-residential,public,
germany,31001_2411,road maintenance,non-residential,public,
germany,31001_2412,waiting room,non-residential,public,
germany,31001_2420,Operations building for rail traffic,non-residential,public,
germany,31001_2421,gatekeeper house,non-residential,residential,detached single-family house
germany,31001_2422,"Locomotive shed, wagon hall",non-residential,industrial,
germany,31001_2423,"Signal box, block post",non-residential,industrial,
germany,31001_2424,Operations building of the freight station,non-residential,industrial,
germany,31001_2430,Operations building for air traffic,non-residential,industrial,
germany,31001_2431,hangar,non-residential,industrial,
germany,31001_2440,Operations building for ship traffic,non-residential,industrial,
germany,31001_2441,shipyard (hall),non-residential,industrial,
germany,31001_2442,dock (hall),non-residential,industrial,
germany,31001_2443,Operations building to the lock,non-residential,industrial,
germany,31001_2444,Bootshaus,non-residential,others,
germany,31001_2450,Operating building for the cable car,non-residential,public,
germany,31001_2451,Tension system for the cable car,non-residential,others,
germany,31001_2460,building for parking,non-residential,commercial,
germany,31001_2461,parking garage,non-residential,commercial,
germany,31001_2462,parking deck,non-residential,commercial,
germany,31001_2463,Garage,non-residential,others,
germany,31001_2464,vehicle hall,non-residential,commercial,
germany,31001_2465,underground car park,non-residential,commercial,
germany,31001_2500,building for supply,non-residential,industrial,
germany,31001_2501,Energy supply buildings,non-residential,industrial,
germany,31001_2510,water supply building,non-residential,industrial,
germany,31001_2511,waterworks,non-residential,industrial,
germany,31001_2512,Pump station,non-residential,industrial,
germany,31001_2513,water tank,non-residential,industrial,
germany,31001_2520,Building for electricity supply,non-residential,industrial,
germany,31001_2521,power station,non-residential,industrial,
germany,31001_2522,substation,non-residential,industrial,
germany,31001_2523,converter,non-residential,industrial,
germany,31001_2527,reactor building,non-residential,industrial,
germany,31001_2528,Turbinenhaus,non-residential,industrial,
germany,31001_2529,Kesselhaus,non-residential,industrial,
germany,31001_2540,Telecommunications building,non-residential,industrial,
germany,31001_2560,Buildings on underground lines,non-residential,public,
germany,31001_2570,Building for gas supply,non-residential,industrial,
germany,31001_2571,Gaswerk,non-residential,industrial,
germany,31001_2580,heating plant,non-residential,industrial,
germany,31001_2590,Building for the supply system,non-residential,industrial,
germany,31001_2591,pump station (not for water supply),non-residential,industrial,
germany,31001_2600,building for disposal,non-residential,industrial,
germany,31001_2610,Building for sewage disposal,non-residential,industrial,
germany,31001_2611,Building of the sewage treatment plant,non-residential,industrial,
germany,31001_2612,Toilette,non-residential,public,
germany,31001_2620,Waste treatment building,non-residential,industrial,
germany,31001_2621,garbage bunker,non-residential,industrial,
germany,31001_2622,Waste incineration building,non-residential,industrial,
germany,31001_2623,Waste dump building,non-residential,industrial,
germany,31001_2700,Buildings for agriculture and forestry,non-residential,agricultural,
germany,31001_2720,Agricultural and forestry company building,non-residential,agricultural,
germany,31001_2721,barn,non-residential,agricultural,
germany,31001_2723,shed,non-residential,others,
germany,31001_2724,Stall,non-residential,agricultural,
germany,31001_2726,barn and stable,non-residential,agricultural,
germany,31001_2727,Barn for animal husbandry,non-residential,agricultural,
germany,31001_2728,riding arena,non-residential,agricultural,
germany,31001_2729,farm buildings,non-residential,agricultural,
germany,31001_2732,Almh??tte,non-residential,residential,detached single-family house
germany,31001_2735,"Jagdhaus, Jagdh??tte",non-residential,residential,detached single-family house
germany,31001_2740,"hothouse, greenhouse",non-residential,agricultural,
germany,31001_2741,greenhouse,non-residential,agricultural,
germany,31001_2742,"Greenhouse, movable",non-residential,agricultural,
germany,31001_3000,buildings for public purposes,non-residential,public,
germany,31001_3010,administration building,non-residential,public,
germany,31001_3011,Parliament,non-residential,public,
germany,31001_3012,Rathaus,non-residential,public,
germany,31001_3013,Post,non-residential,public,
germany,31001_3014,Zollamt,non-residential,public,
germany,31001_3015,court,non-residential,public,
germany,31001_3016,Embassy,non-residential,public,
germany,31001_3017,district administration,non-residential,public,
germany,31001_3018,district government,non-residential,public,
germany,31001_3019,Finanzamt,non-residential,public,
germany,31001_3020,Building for education and research,non-residential,public,
germany,31001_3021,General secondary school,non-residential,public,
germany,31001_3022,vocational school,non-residential,public,
germany,31001_3023,"University building (technical college, university)",non-residential,public,
germany,31001_3024,research institute,non-residential,public,
germany,31001_3030,buildings for cultural purposes,non-residential,public,
germany,31001_3031,Schloss,non-residential,public,
germany,31001_3032,"theatre, opera",non-residential,public,
germany,31001_3033,concert building,non-residential,public,
germany,31001_3034,Museum,non-residential,public,
germany,31001_3035,"radio, television",non-residential,commercial,
germany,31001_3036,event building,non-residential,commercial,
germany,31001_3037,"library, library",non-residential,public,
germany,31001_3038,"castle, fortress",non-residential,residential,
germany,31001_3040,buildings for religious purposes,non-residential,public,
germany,31001_3041,church,non-residential,public,
germany,31001_3042,synagogue,non-residential,public,
germany,31001_3043,chapel,non-residential,public,
germany,31001_3044,parish hall,non-residential,public,
germany,31001_3045,house of worship,non-residential,public,
germany,31001_3046,mosque,non-residential,public,
germany,31001_3047,temple,non-residential,public,
germany,31001_3048,monastery,non-residential,public,
germany,31001_3050,Healthcare buildings,non-residential,public,
germany,31001_3051,hospital,non-residential,public,
germany,31001_3052,"Sanatorium, nursing home, nursing station",non-residential,public,
germany,31001_3053,"Medical center, polyclinic",non-residential,public,
germany,31001_3060,buildings for social purposes,non-residential,public,
germany,31001_3061,youth recreation home,non-residential,public,
germany,31001_3062,"Leisure, club house, village community, community center",non-residential,public,
germany,31001_3063,Seniorenfreizeitst??tte,non-residential,public,
germany,31001_3064,homeless shelter,residential,public,
germany,31001_3065,"Cr??che, kindergarten, day care center",non-residential,public,
germany,31001_3066,asylum seekers home,residential,residential,residential
germany,31001_3070,Security and order building,non-residential,public,
germany,31001_3071,police,non-residential,public,
germany,31001_3072,fire Department,non-residential,public,
germany,31001_3073,barracks,non-residential,residential,apartment block
germany,31001_3074,shelter,non-residential,others,
germany,31001_3075,correctional facility,non-residential,public,
germany,31001_3080,cemetery building,non-residential,public,
germany,31001_3081,mourning hall,non-residential,public,
germany,31001_3082,crematorium,non-residential,public,
germany,31001_3090,reception building,non-residential,commercial,
germany,31001_3091,station building,non-residential,public,
germany,31001_3092,airport building,non-residential,public,
germany,31001_3094,Building to subway station,non-residential,public,
germany,31001_3095,Building to the S-Bahn station,non-residential,public,
germany,31001_3097,Building to the bus station,non-residential,public,
germany,31001_3098,Shipping reception building,non-residential,industrial,
germany,31001_3100,Building for public use with housing,non-residential,public,
germany,31001_3200,buildings for recreational purposes,non-residential,public,
germany,31001_3210,buildings for sports purposes,non-residential,public,
germany,31001_3211,"sports, gym",non-residential,public,
germany,31001_3212,Building to the sports field,non-residential,public,
germany,31001_3220,bath building,non-residential,public,
germany,31001_3221,indoor pool,non-residential,commercial,
germany,31001_3222,Building in the pool,non-residential,others,
germany,31001_3230,buildings in the stadium,non-residential,public,
germany,31001_3240,Building for spa operations,non-residential,commercial,
germany,31001_3241,bath buildings for medical purposes,non-residential,public,
germany,31001_3242,Sanatorium,non-residential,public,
germany,31001_3260,buildings in the zoo,non-residential,public,
germany,31001_3261,Zoo reception building,non-residential,public,
germany,31001_3262,"Aquarium, terrarium, aviary",non-residential,public,
germany,31001_3263,animal showhouse,non-residential,commercial,
germany,31001_3264,Stable in the zoo,non-residential,commercial,
germany,31001_3270,Buildings in the botanical garden,non-residential,public,
germany,31001_3271,Reception building of the botanical garden,non-residential,public,
germany,31001_3272,greenhouse (botany),non-residential,agricultural,
germany,31001_3273,plant show house,non-residential,agricultural,
germany,31001_3280,Building for other recreation facility,non-residential,public,
germany,31001_3281,shelter,non-residential,others,
germany,31001_3290,Tourist information center,non-residential,public,
germany,31001_9998,Cannot be specified based on sources,unknown,,
abruzzo,Non conosciuto,Unknown,unknown,,
abruzzo,Luogo di culto,Place of worship,non-residential,public,
abruzzo,Industriale,Industrial,non-residential,industrial,
abruzzo,Agricolturale,Agricultural,non-residential,agricultural,
abruzzo,Municipio,Municipality,non-residential,public,
abruzzo,Abitativa,Housing,residential,residential,residential
sardegna,sede di servizio socio assistenziale,seat of social assistance service,non-residential,public,
sardegna,museo,museum,non-residential,public,
sardegna,cinema,cinema,non-residential,commercial,
sardegna,biblioteca,library,non-residential,public,
sardegna,caselloforestale,forest tollbooth,non-residential,others,
sardegna,militare,military,non-residential,public,
sardegna,carcere,prison,non-residential,public,
sardegna,istitutodipena,institutodipena,non-residential,public,
sardegna,stazioneautolinee,bus stations,non-residential,public,
sardegna,ferroviario,railway,non-residential,public,
sardegna,palestra,gym,non-residential,public,
sardegna,municipio,city ​​Hall,non-residential,public,
sardegna,luogodiculto,cult site,non-residential,public,
sardegna,ricreativo,recreational,non-residential,public,
sardegna,mercato,market,non-residential,commercial,
sardegna,depositoferroviariopervagoni,railway deposit for wagons,non-residential,industrial,
sardegna,rimessalocomotive,rimessalocomotive,non-residential,industrial,
sardegna,stazioneditrasformazione,transformation station,non-residential,industrial,
sardegna,serviziditrasporto,transport services,non-residential,commercial,
sardegna,teatro,theater,non-residential,public,
sardegna,auditorium,auditorium,non-residential,public,
sardegna,commerciale,commercial,non-residential,commercial,
sardegna,oratorio,oratory,non-residential,public,
sardegna,residenziale,residential,residential,residential,residential
sardegna,impiantotecnologico,plant technology,non-residential,industrial,
sardegna,sedeclinica,sedeclinica,non-residential,public,
sardegna,sedediscuola,school seat,non-residential,public,
sardegna,sededitribunale,court seat,non-residential,public,
sardegna,caserma,barracks,non-residential,residential,apartment block
sardegna,centraleelettrica,power plant,non-residential,industrial,
sardegna,sededicentrocommerciale,commercial center,non-residential,commercial,
sardegna,stazionepasseggeriferroviaria,railway passenger station,non-residential,public,
sardegna,caselloferroviario,railway box,non-residential,public,
sardegna,pinacoteca,picture gallery,non-residential,public,
sardegna,sededivigilidelfuoco,fire seats,non-residential,public,
sardegna,parcheggiomultipianoocoperto,covered multi-storey car parks,non-residential,commercial,
sardegna,edificiodiareaecologica,ecological area building,non-residential,,
sardegna,depuratore,purifier,non-residential,industrial,
sardegna,stazioneditelecomunicazioni,telecommunications station,non-residential,industrial,
sardegna,sededisupermercato,supermarket seat,non-residential,commercial,
sardegna,ipermercato,hypermarket,non-residential,commercial,
sardegna,sedediattivitàculturali,cultural activities,non-residential,public,
sardegna,serviziopubblico,public service,non-residential,public,
sardegna,sedeservizisanitariasl,local health authority,non-residential,public,
sardegna,amministrativo,administrative,non-residential,public,
sardegna,sededibanca,bench seat,non-residential,others,
sardegna,piscinacoperta,Covered pool,non-residential,public,
sardegna,sedediospedale,hospital seat,non-residential,public,
sardegna,stabilimentoindustriale,industrial plant,non-residential,industrial,
sardegna,stalla,stall,non-residential,agricultural,
sardegna,industriale,industrial,non-residential,industrial,
sardegna,sedediforzedellordine,seated forcibly,non-residential,,
sardegna,sedediposte-telegrafi,post office-telegraphs,non-residential,public,
sardegna,edificioaccessorioallestrade,buildingaccessoryallestrade,non-residential,others,
sardegna,agricolturale,agricultural,non-residential,agricultural,
trentino,Centrale-Cabina,Central-Cabin,non-residential,residential,detached single-family house
trentino,Stalla/Fienile,Stable / Barn,non-residential,agricultural,
trentino,Tendone,tend,non-residential,others,
trentino,Baracca,Shack,non-residential,residential,residential
trentino,Civile1,Civil 1,unknown,public,
trentino,Porticologgia,Porticology,unknown,others,
trentino,Serra,Greenhouse,non-residential,agricultural,
trentino,Edificioculto,Cult building,non-residential,public,
trentino,Luoghidiculto,Place of worship,non-residential,public,
trentino,Pensilina,Shelter,non-residential,others,
trentino,Capannonevivai,Nursery shed,non-residential,agricultural,
trentino,Casello/Staz,Toll booth / Staz,non-residential,commercial,
trentino,TendonePres,Tend,non-residential,others,
trentino,EdificioCulto,BuildingCult,non-residential,public,
trentino,Tettoia,Canopy,non-residential,others,
trentino,Cavedio,Cavedio,non-residential,others,
trentino,Civile,Civil,unknown,public,
trentino,<Null>,<Null>,unknown,,
trentino,Depuratore,Purifier,non-residential,industrial,
trentino,Industriale,Industrial,non-residential,industrial,
trentino,Cimitero,Cemetery,non-residential,industrial,
spain,,,unknown,,
spain,4_3_publicServices,publicServices,non-residential,public,
spain,2_agriculture,agriculture,non-residential,agricultural,
spain,3_industrial,industrial,non-residential,industrial,
spain,4_2_retail,retail,non-residential,commercial,
spain,1_residential,residential,residential,residential,residential
spain,4_1_office,office,non-residential,commercial,
sicilia,"Stalla, fienile","Stable, barn",non-residential,agricultural,
sicilia,"Centrale elettrica, cabina elettrica","Power plant, electrical substation",non-residential,industrial,
sicilia,Unità Volumetrica industriale Unità volumetrica commerciale Capannone,Industrial volumetric unit Commercial volumetric unit Shed,non-residential,commercial,
sicilia,Serra stabile,Stable greenhouse,non-residential,agricultural,
sicilia,Baracca – edicola,Baracca - newsstand,non-residential,commercial,
sicilia,"Torre, ciminiera, silos","Tower, chimney, silos",non-residential,industrial,
sicilia,Unità Volumetrica civile,Civil Volumetric Unit,residential,residential,residential
sicilia,Tendone pressurizzato,Pressurized awning,non-residential,others,
sicilia,Corpo aggettante- Portico-Loggiato,Projecting body - Portico-Loggiato,non-residential,public,
sicilia,Unità volumetrica di culto Campanile Tabernacolo rappresentabile,Volumetric unit of worship. Bell Tower. Tabernacle. Representable,non-residential,public,
sicilia,Tettoia pensilina,Canopy canopy,non-residential,others,
osm_type_matches.csv,yes,yes,,,
osm_type_matches.csv,house,house,,residential,detached single-family house
osm_type_matches.csv,residential,residential,,residential,residential
osm_type_matches.csv,detached,detached,,residential,detached single-family house
osm_type_matches.csv,garage,garage,,others,
osm_type_matches.csv,apartments,apartments,,residential,apartment block
osm_type_matches.csv,shed,shed,,others,
osm_type_matches.csv,hut,hut,,residential,residential
osm_type_matches.csv,industrial,industrial,,industrial,
osm_type_matches.csv,farm_auxiliary,farm_auxiliary,,agricultural,
osm_type_matches.csv,roof,roof,,others,
osm_type_matches.csv,terrace,terrace,,residential,terraced house
osm_type_matches.csv,semidetached_house,semidetached_house,,residential,semi-detached duplex house
osm_type_matches.csv,commercial,commercial,,commercial,
osm_type_matches.csv,school,school,,public,
osm_type_matches.csv,retail,retail,,commercial,
osm_type_matches.csv,construction,construction,,others,
osm_type_matches.csv,garages,garages,,others,
osm_type_matches.csv,outbuilding,outbuilding,,,
osm_type_matches.csv,barn,barn,,agricultural,
osm_type_matches.csv,greenhouse,greenhouse,,agricultural,
osm_type_matches.csv,cabin,cabin,,residential,detached single-family house
osm_type_matches.csv,service,service,,industrial,
osm_type_matches.csv,static_caravan,static_caravan,,residential,residential
osm_type_matches.csv,warehouse,warehouse,,industrial,
osm_type_matches.csv,church,church,,public,
osm_type_matches.csv,farm,farm,,agricultural,
osm_type_matches.csv,bungalow,bungalow,,residential,detached single-family house
osm_type_matches.csv,office,office,,commercial,
osm_type_matches.csv,allotment_house,allotment_house,,residential,detached single-family house
osm_type_matches.csv,carport,carport,,others,
osm_type_matches.csv,ruins,ruins,,others,
osm_type_matches.csv,civic,civic,,public,
osm_type_matches.csv,public,public,,public,
osm_type_matches.csv,university,university,,public,
osm_type_matches.csv,hospital,hospital,,public,
osm_type_matches.csv,hotel,hotel,,commercial,
osm_type_matches.csv,boathouse,boathouse,,others,
osm_type_matches.csv,kindergarten,kindergarten,,public,
osm_type_matches.csv,chapel,chapel,,public,
osm_type_matches.csv,manufacture,manufacture,,industrial,
osm_type_matches.csv,mosque,mosque,,public,
osm_type_matches.csv,ger,ger,,others,
osm_type_matches.csv,storage_tank,storage_tank,,industrial,
osm_type_matches.csv,hangar,hangar,,industrial,
osm_type_matches.csv,dormitory,dormitory,,residential,apartment block
osm_type_matches.csv,bunker,bunker,,others,
osm_type_matches.csv,train_station,train_station,,public,
osm_type_matches.csv,silo,silo,,industrial,
osm_type_matches.csv,collapsed,collapsed,,others,
osm_type_matches.csv,college,college,,public,
osm_type_matches.csv,stable,stable,,agricultural,
osm_type_matches.csv,transformer_tower,transformer_tower,,industrial,
osm_type_matches.csv,transportation,transportation,,public,
osm_type_matches.csv,slurry_tank,slurry_tank,,industrial,
osm_type_matches.csv,cowshed,cowshed,,agricultural,
osm_type_matches.csv,semi,semi,,residential,semi-detached duplex house
osm_type_matches.csv,temple,temple,,public,
osm_type_matches.csv,government,government,,public,
osm_type_matches.csv,sty,sty,,agricultural,
osm_type_matches.csv,toilets,toilets,,public,
osm_type_matches.csv,parking,parking,,commercial,
osm_type_matches.csv,fire_station,fire_station,,public,
osm_type_matches.csv,commercial;residential,commercial;residential,,commercial,
osm_type_matches.csv,grandstand,grandstand,,public,
osm_type_matches.csv,kiosk,kiosk,,commercial,
osm_type_matches.csv,agricultural,agricultural,,agricultural,
osm_type_matches.csv,houseboat,houseboat,,residential,residential
osm_type_matches.csv,sports_centre,sports_centre,,public,
osm_type_matches.csv,stilt_house,stilt_house,,residential,detached single-family house
osm_type_matches.csv,pavilion,pavilion,,public,
osm_type_matches.csv,supermarket,supermarket,,commercial,
osm_type_matches.csv,trullo,trullo,,residential,residential
osm_type_matches.csv,no,no,,others,
osm_type_matches.csv,tent,tent,,others,
osm_type_matches.csv,container,container,,others,
osm_type_matches.csv,sports_hall,sports_hall,,public,
osm_type_matches.csv,stadium,stadium,,public,
osm_type_matches.csv,tomb,tomb,,public,
osm_type_matches.csv,digester,digester,,industrial,
osm_type_matches.csv,kitchen,kitchen,,commercial,
osm_type_matches.csv,conservatory,conservatory,,residential,residential
osm_type_matches.csv,religious,religious,,public,
osm_type_matches.csv,duplex,duplex,,residential,semi-detached duplex house
osm_type_matches.csv,pajaru,pajaru,,others,
osm_type_matches.csv,abandoned,abandoned,,others,
osm_type_matches.csv,bridge,bridge,,others,
osm_type_matches.csv,shelter,shelter,,others,
osm_type_matches.csv,dam,dam,,industrial,
osm_type_matches.csv,guardhouse,guardhouse,,public,
osm_type_matches.csv,damaged,damaged,,others,
osm_type_matches.csv,wayside_shrine,wayside_shrine,,public,
osm_type_matches.csv,tower,tower,,commercial,
osm_type_matches.csv,beach_hut,beach_hut,,others,
osm_type_matches.csv,military,military,,public,
osm_type_matches.csv,shrine,shrine,,public,
osm_type_matches.csv,chalet,chalet,,residential,detached single-family house
osm_type_matches.csv,dwelling_house,dwelling_house,,residential,residential
osm_type_matches.csv,clinic,clinic,,public,
osm_type_matches.csv,mobile_home,mobile_home,,residential,detached single-family house
osm_type_matches.csv,factory,factory,,industrial,
osm_type_matches.csv,presbytery,presbytery,,residential,residential
osm_type_matches.csv,shop,shop,,commercial,
osm_type_matches.csv,ail,ail,,others,
osm_type_matches.csv,cathedral,cathedral,,public,
osm_type_matches.csv,tank,tank,,industrial,
osm_type_matches.csv,government_office,government_office,,public,
osm_type_matches.csv,castle,castle,,public,
osm_type_matches.csv,proposed,proposed,,others,
osm_type_matches.csv,hayrack,hayrack,,agricultural,
osm_type_matches.csv,pub,pub,,commercial,
osm_type_matches.csv,gatehouse,gatehouse,,public,
osm_type_matches.csv,poultry_house,poultry_house,,agricultural,
osm_type_matches.csv,monastery,monastery,,public,
osm_type_matches.csv,riding_hall,riding_hall,,agricultural,
osm_type_matches.csv,gazebo,gazebo,,others,
osm_type_matches.csv,restaurant,restaurant,,commercial,
osm_type_matches.csv,storage,storage,,industrial,
osm_type_matches.csv,summer_cottage,summer_cottage,,residential,detached single-family house
osm_type_matches.csv,terraced_house,terraced_house,,residential,terraced house
osm_type_matches.csv,store,store,,commercial,
osm_type_matches.csv,livestock,livestock,,agricultural,
osm_type_matches.csv,bank,bank,,commercial,
osm_type_matches.csv,other,other,,others,
osm_type_matches.csv,community_group_office,community_group_office,,public,
osm_type_matches.csv,chicken_coop,chicken_coop,,agricultural,
osm_type_matches.csv,terrace_house,terrace_house,,residential,terraced house
osm_type_matches.csv,canopy,canopy,,others,
osm_type_matches.csv,granary,granary,,agricultural,
osm_type_matches.csv,veranda,veranda,,residential,detached single-family house
osm_type_matches.csv,power_substation,power_substation,,industrial,
osm_type_matches.csv,ruin,ruin,,others,
osm_type_matches.csv,prison,prison,,public,
osm_type_matches.csv,administrative,administrative,,public,
osm_type_matches.csv,foundation,foundation,,others,
osm_type_matches.csv,utility,utility,,industrial,
osm_type_matches.csv,barracks,barracks,,residential,residential
osm_type_matches.csv,annexe,annexe,,residential,residential
osm_type_matches.csv,flats,flats,,residential,apartment block
osm_type_matches.csv,terraced,terraced,,residential,terraced house
osm_type_matches.csv,synagogue,synagogue,,public,
osm_type_matches.csv,entrance,entrance,,,
osm_type_matches.csv,glasshouse,glasshouse,,agricultural,
osm_type_matches.csv,museum,museum,,public,
osm_type_matches.csv,mixed_use,mixed_use,,commercial,
osm_type_matches.csv,water_tower,water_tower,,industrial,
osm_type_matches.csv,education,education,,public,
osm_type_matches.csv,deck,deck,,others,
osm_type_matches.csv,tulou,tulou,,residential,residential
osm_type_matches.csv,wall,wall,,others,
osm_type_matches.csv,townhouse,townhouse,,residential,terraced house
osm_type_matches.csv,gasometer,gasometer,,industrial,
osm_type_matches.csv,cottage,cottage,,residential,detached single-family house
osm_type_matches.csv,electricity,electricity,,industrial,
osm_type_matches.csv,bakehouse,bakehouse,,commercial,
osm_type_matches.csv,substation,substation,,industrial,
osm_type_matches.csv,marketplace,marketplace,,commercial,
osm_type_matches.csv,hall,hall,,public,
osm_type_matches.csv,summer_house,summer_house,,residential,detached single-family house
osm_type_matches.csv,sport,sport,,public,
osm_type_matches.csv,police,police,,public,
osm_type_matches.csv,plot,plot,,others,
osm_type_matches.csv,maisonette,maisonette,,residential,residential
osm_type_matches.csv,toilets;shower,toilets;shower,,public,
osm_type_matches.csv,elevator,elevator,,,
osm_type_matches.csv,village_office,village_office,,public,
osm_type_matches.csv,tech_cab,tech_cab,,industrial,
osm_type_matches.csv,yurt,yurt,,residential,residential
osm_type_matches.csv,community_centre,community_centre,,public,
osm_type_matches.csv,bunglows,bunglows,,residential,detached single-family house
osm_type_matches.csv,barrier,barrier,,others,
osm_type_matches.csv,historic,historic,,public,
osm_type_matches.csv,maybe,maybe,,others,
osm_type_matches.csv,clubhouse,clubhouse,,public,
osm_type_matches.csv,portable_classroom,portable_classroom,,public,
osm_type_matches.csv,market,market,,commercial,
osm_type_matches.csv,depot,depot,,industrial,
osm_type_matches.csv,window,window,,others,
osm_type_matches.csv,ucap,ucap,,others,
osm_type_matches.csv,balcony,balcony,,others,
osm_type_matches.csv,data_center,data_center,,commercial,
osm_type_matches.csv,car_repair,car_repair,,commercial,
osm_type_matches.csv,parking_entrance,parking_entrance,,,
osm_type_matches.csv,kiln,kiln,,industrial,
osm_type_matches.csv,windmill,windmill,,industrial,
osm_type_matches.csv,ship,ship,,others,
osm_type_matches.csv,convent,convent,,public,
osm_type_matches.csv,library,library,,public,
osm_type_matches.csv,power,power,,industrial,
osm_type_matches.csv,motel,motel,,commercial,
osm_type_matches.csv,healthcare,healthcare,,public,
osm_type_matches.csv,bell_tower,bell_tower,,public,
osm_type_matches.csv,destroyed,destroyed,,others,
osm_type_matches.csv,transformer,transformer,,industrial,
osm_type_matches.csv,semidetached,semidetached,,residential,semi-detached duplex house
osm_type_matches.csv,station,station,,public,
osm_type_matches.csv,wayside_chapel,wayside_chapel,,public,
osm_type_matches.csv,funeral_hall,funeral_hall,,public,
osm_type_matches.csv,villa,villa,,residential,detached single-family house
osm_type_matches.csv,demountable,demountable,,commercial,
